method,context_recall,faithfulness,factual_correctness,answer_relevancy,context_entity_recall,noise_sensitivity_relevant,avg_latency_seconds,total_time_seconds,min_latency_seconds,max_latency_seconds
naive_rag,0.9111111111111111,0.9374889595477831,0.6708333333333334,0.8695499767797217,0.4017526449223318,0.3335822977127325,10.25006369749705,123.0007643699646,5.16817307472229,23.000816106796265
bm25_rag,0.9416666666666668,0.9000840016465017,0.6350000000000001,0.7968025313461605,0.36253306827349124,0.2675865800865801,8.579896648724874,102.95875978469849,4.260077238082886,14.494394063949585
contextual_compression_rag,0.8861111111111112,0.96380433292198,0.53,0.7929129595989747,0.4052248671329992,0.3538344535151811,7.103962103525798,85.24754524230957,4.164480686187744,10.44812297821045
multi_query_rag,0.9277777777777779,0.9147795893719807,0.6183333333333334,0.8744845234880231,0.4027447083887607,0.20293956043956046,12.043359776337942,144.5203173160553,7.418219089508057,15.592590093612671
parent_document_rag,0.8623015873015873,0.9543554787506401,0.6224999999999999,0.8777811230258865,0.3663359783343109,0.34072775810650663,9.023324767748514,108.27989721298218,5.019832134246826,15.733106136322021
